source_fullname,source_shortname,base_url,pages_url,num_pages,save_locally,anti_robot,load_more_button,alt_source_domain
Awakening News Network,anntw.com,https://anntw.com/,https://anntw.com/,1,False,True,False,
CNA,www.cna.com.tw,https://www.cna.com.tw/,https://www.cna.com.tw/,1,False,True,False,
CTS News,www.cts.com.tw,https://www.cts.com.tw/,https://www.cts.com.tw/,1,False,True,False,
China Daily News,www.cdns.com.tw,https://www.cdns.com.tw/,https://www.cdns.com.tw/,1,False,True,False,
China Times,www.chinatimes.com,https://www.chinatimes.com/,https://www.chinatimes.com/,1,False,True,False,
Commercial Times,www.ctee.com.tw,https://www.ctee.com.tw/,https://www.ctee.com.tw/,1,False,True,False,
Credere Media,www.cmmedia.com.tw,https://www.cmmedia.com.tw/,https://www.cmmedia.com.tw/,1,False,True,False,
DigiTimes,www.digitimes.com.tw,https://www.digitimes.com.tw/,https://www.digitimes.com.tw/,1,False,True,False,
Economic Daily News,money.udn.com,https://money.udn.com/,https://money.udn.com/,1,False,True,False,
Epoch Times,www.epochtimes.com.tw,https://www.epochtimes.com.tw/,https://www.epochtimes.com.tw/,1,False,True,False,
FHBS,fhbs.com.tw,https://fhbs.com.tw/,https://fhbs.com.tw/,1,False,True,False,
FTV News,www.ftvnews.com.tw,https://www.ftvnews.com.tw/,https://www.ftvnews.com.tw/,1,False,True,False,
FTV News,english.ftvnews.com.tw,https://english.ftvnews.com.tw/,https://english.ftvnews.com.tw/,1,False,True,False,
Focus Taiwan,focustaiwan.tw,https://focustaiwan.tw/,https://focustaiwan.tw/,1,False,True,False,
Green Peace,www.greenpeace.com.tw,https://www.greenpeace.com.tw/,https://www.greenpeace.com.tw/,1,False,True,False,
ICRT,www.icrt.com.tw,https://www.icrt.com.tw/,https://www.icrt.com.tw/,1,False,True,False,
IDN News,www.idn.com.tw,https://www.idn.com.tw/,https://www.idn.com.tw/,1,False,True,False,
Keng Sheng Daily News,www.ksnews.com.tw,https://www.ksnews.com.tw/,https://www.ksnews.com.tw/,1,False,True,False,
Liberty Times,www.ltn.com.tw,https://www.ltn.com.tw/,https://www.ltn.com.tw/,1,False,True,False,
Mandarin Daily News,www.mdnkids.com,https://www.mdnkids.com/,https://www.mdnkids.com/,1,False,True,False,
Matsu Daily,www.matsu-news.gov.tw,https://www.matsu-news.gov.tw/,https://www.matsu-news.gov.tw/,1,False,True,False,
Merit Times,www.merit-times.com,https://www.merit-times.com/,https://www.merit-times.com/,1,False,True,False,
Military News Agency,mna.gpwb.gov.tw,https://mna.gpwb.gov.tw/,https://mna.gpwb.gov.tw/,1,False,True,False,
Mirror Media,www.mirrormedia.mg,https://www.mirrormedia.mg/,https://www.mirrormedia.mg/,1,False,True,False,
NOWnews,www.nownews.com,https://www.nownews.com/,https://www.nownews.com/,1,False,True,False,
News & Market,www.newsmarket.com.tw,https://www.newsmarket.com.tw/,https://www.newsmarket.com.tw/,1,False,True,False,
Newtalk,newtalk.tw,https://newtalk.tw/,https://newtalk.tw/,1,False,True,False,
Next Apple News,tw.nextapple.com,https://tw.nextapple.com/,https://tw.nextapple.com/,1,False,True,False,
PTS Taiwan,news.pts.org.tw,https://news.pts.org.tw/,https://news.pts.org.tw/,1,False,True,False,
Pacific Daily News,www.pacificnews.com.tw,https://www.pacificnews.com.tw/,https://www.pacificnews.com.tw/,1,False,True,False,
PeoPo,www.peopo.org,https://www.peopo.org/,https://www.peopo.org/,1,False,True,False,
People's Daily,www.mypeoplevol.com,https://www.mypeoplevol.com/,https://www.mypeoplevol.com/,1,False,True,False,
RTI,en.rti.org.tw,https://en.rti.org.tw/,https://en.rti.org.tw/,1,False,True,False,
RTI,www.rti.org.tw,https://www.rti.org.tw/,https://www.rti.org.tw/,1,False,True,False,
SETN,www.setn.com,https://www.setn.com/,https://www.setn.com/,1,False,True,False,
Storm Media,www.storm.mg,https://www.storm.mg/,https://www.storm.mg/,1,False,True,False,
TTV,www.ttv.com.tw,https://www.ttv.com.tw/,https://www.ttv.com.tw/,1,False,True,False,
TW News Daily,www.twnewsdaily.com,https://www.twnewsdaily.com/,https://www.twnewsdaily.com/,1,False,True,False,
Taigi,www.taigitv.org.tw,https://www.taigitv.org.tw/,https://www.taigitv.org.tw/,1,False,True,False,
Taipei Times,www.taipeitimes.com,https://www.taipeitimes.com/,https://www.taipeitimes.com/,1,False,True,False,
Taiwan Daily,taiwandaily.net,https://taiwandaily.net/,https://taiwandaily.net/,1,False,True,False,
Taiwan Info,taiwaninfo.nat.gov.tw,https://taiwaninfo.nat.gov.tw/,https://taiwaninfo.nat.gov.tw/,1,False,True,False,
Taiwan News,www.taiwannews.com.tw,https://www.taiwannews.com.tw/,https://www.taiwannews.com.tw/,1,False,True,False,
Taiwan People News,www.peoplenews.tw,https://www.peoplenews.tw/,https://www.peoplenews.tw/,1,False,True,False,
Taiwan Shin Sheng,www.tssdnews.com.tw,https://www.tssdnews.com.tw/,https://www.tssdnews.com.tw/,1,False,True,False,
Taiwan Times,www.taiwantimes.com.tw,https://www.taiwantimes.com.tw/,https://www.taiwantimes.com.tw/,1,False,True,False,
Taiwan Today,www.taiwantoday.tw,https://www.taiwantoday.tw/,https://www.taiwantoday.tw/,1,False,True,False,
The News Lens,www.thenewslens.com,https://www.thenewslens.com/,https://www.thenewslens.com/,1,False,True,False,
The Reporter,www.twreporter.org,https://www.twreporter.org/,https://www.twreporter.org/,1,False,True,False,
United Daily News,udn.com,https://udn.com/,https://udn.com/,1,False,True,False,
Up Media,www.upmedia.mg,https://www.upmedia.mg/,https://www.upmedia.mg/,1,False,True,False,
Voice of Han,www.voh.com.tw,https://www.voh.com.tw/,https://www.voh.com.tw/,1,False,True,False,
Youth Daily News,www.ydn.com.tw,https://www.ydn.com.tw/,https://www.ydn.com.tw/,1,False,True,False,
ABS-CBN,news.abs-cbn.com,https://news.abs-cbn.com/,https://news.abs-cbn.com/,1,False,True,False,
Abogado,abogado.com.ph,https://abogado.com.ph/,https://abogado.com.ph/,1,False,True,False,
Aksyon Radyo Iloilo,www.aksyonradyoiloilo.com.ph,https://www.aksyonradyoiloilo.com.ph/,https://www.aksyonradyoiloilo.com.ph/,1,False,True,False,
Brigada News,brigadanews.ph,https://brigadanews.ph/,https://brigadanews.ph/,1,False,True,False,
Bulgar,www.bulgaronline.com,https://www.bulgaronline.com/,https://www.bulgaronline.com/,1,False,True,False,
Business Mirror,businessmirror.com.ph,https://businessmirror.com.ph/,https://businessmirror.com.ph/,1,False,True,False,
Business News,www.businessnews.ph,https://www.businessnews.ph/,https://www.businessnews.ph/,1,False,True,False,
BusinessWorld,www.bworldonline.com,https://www.bworldonline.com/,https://www.bworldonline.com/,1,False,True,False,
Cebu Daily News,cebudailynews.inquirer.net,https://cebudailynews.inquirer.net/,https://cebudailynews.inquirer.net/,1,False,True,False,
DZRH,www.dzrh.com.ph,https://www.dzrh.com.ph/,https://www.dzrh.com.ph/,1,False,True,False,
Daily Guardian,dailyguardian.com.ph,https://dailyguardian.com.ph/,https://dailyguardian.com.ph/,1,False,True,False,
Daily Tribune,tribune.net.ph,https://tribune.net.ph/,https://tribune.net.ph/,1,False,True,False,
Eagle News,www.eaglenews.ph,https://www.eaglenews.ph/,https://www.eaglenews.ph/,1,False,True,False,
GMA News,www.gmanetwork.com,https://www.gmanetwork.com/,https://www.gmanetwork.com/,1,False,True,False,
Gold Star Daily,mindanaogoldstardaily.com,https://mindanaogoldstardaily.com/,https://mindanaogoldstardaily.com/,1,False,True,False,
Herald Express,baguioheraldexpressonline.com,https://baguioheraldexpressonline.com/,https://baguioheraldexpressonline.com/,1,False,True,False,
INQUIRER.net,www.inquirer.net,https://www.inquirer.net/,https://www.inquirer.net/,1,False,True,False,
Interaksyon,interaksyon.philstar.com,https://interaksyon.philstar.com/,https://interaksyon.philstar.com/,1,False,True,False,
Journal News,journalnews.com.ph,https://journalnews.com.ph/,https://journalnews.com.ph/,1,False,True,False,
Kami,kami.com.ph,https://kami.com.ph/,https://kami.com.ph/,1,False,True,False,
Malaya Business Insight,malaya.com.ph,https://malaya.com.ph/,https://malaya.com.ph/,1,False,True,False,
Manila Bulletin,mb.com.ph,https://mb.com.ph/,https://mb.com.ph/,1,False,True,False,
Manila Journal,themanilajournal.com,https://themanilajournal.com/,https://themanilajournal.com/,1,False,True,False,
Manila News,manilanews.ph,https://manilanews.ph/,https://manilanews.ph/,1,False,True,False,
Manila Standard,manilastandard.net,https://manilastandard.net/,https://manilastandard.net/,1,False,True,False,
Manila Times,www.manilatimes.net,https://www.manilatimes.net/,https://www.manilatimes.net/,1,False,True,False,
Minda News,mindanews.com,https://mindanews.com/,https://mindanews.com/,1,False,True,False,
Mindanao Daily News,mindanaodailynews.com,https://mindanaodailynews.com/,https://mindanaodailynews.com/,1,False,True,False,
NET25,www.net25.com,https://www.net25.com/,https://www.net25.com/,1,False,True,False,
News5,news.tv5.com.ph,https://news.tv5.com.ph/,https://news.tv5.com.ph/,1,False,True,False,
NewsKo,newsko.com.ph,https://newsko.com.ph/,https://newsko.com.ph/,1,False,True,False,
NewsLine,newsline.ph,https://newsline.ph/,https://newsline.ph/,1,False,True,False,
Newsbreak,www.rappler.com,https://www.rappler.com/,https://www.rappler.com/,1,False,True,False,
Newspapers,newspapers.ph,https://newspapers.ph/,https://newspapers.ph/,1,False,True,False,
PTV News,ptvnews.ph,https://ptvnews.ph/,https://ptvnews.ph/,1,False,True,False,
Palawan Daily News,palawandailynews.com,https://palawandailynews.com/,https://palawandailynews.com/,1,False,True,False,
Palawan News,palawan-news.com,https://palawan-news.com/,https://palawan-news.com/,1,False,True,False,
Philippine Defense News,phildefnews.blogspot.com,https://phildefnews.blogspot.com/,https://phildefnews.blogspot.com/,1,False,True,False,
Philippine News,philnews.ph,https://philnews.ph/,https://philnews.ph/,1,False,True,False,
Philippine News Agency,www.pna.gov.ph,https://www.pna.gov.ph/,https://www.pna.gov.ph/,1,False,True,False,
Philippine Star,www.philstar.com,https://www.philstar.com/,https://www.philstar.com/,1,False,True,False,
Pinoy Weekly,pinoyweekly.org,https://pinoyweekly.org/,https://pinoyweekly.org/,1,False,True,False,
Pitz Defense Analysis,www.pitzdefanalysis.net,https://www.pitzdefanalysis.net/,https://www.pitzdefanalysis.net/,1,False,True,False,
Politico.ph,politico.ph,https://politico.ph/,https://politico.ph/,1,False,True,False,
Politiko,politics.com.ph,https://politics.com.ph/,https://politics.com.ph/,1,False,True,False,
Punto! Central Luzon,punto.com.ph,https://punto.com.ph/,https://punto.com.ph/,1,False,True,False,
RMN News,rmn.ph,https://rmn.ph/,https://rmn.ph/,1,False,True,False,
Radyo Bandera,radyobandera.com,https://radyobandera.com/,https://radyobandera.com/,1,False,True,False,
Radyo Natin Nationwide,radyonatin.com,https://radyonatin.com/,https://radyonatin.com/,1,False,True,False,
Radyo Pilipinas,radyopilipinas.ph,https://radyopilipinas.ph/,https://radyopilipinas.ph/,1,False,True,False,
Remate,remate.ph,https://remate.ph/,https://remate.ph/,1,False,True,False,
Romblon News Network,romblonnews.net,https://romblonnews.net/,https://romblonnews.net/,1,False,True,False,
SunStar,www.sunstar.com.ph,https://www.sunstar.com.ph/,https://www.sunstar.com.ph/,1,False,True,False,
Sunday Punch,punch.dagupan.com,https://punch.dagupan.com/,https://punch.dagupan.com/,1,False,True,False,
Tempo,tempo.com.ph,https://tempo.com.ph/,https://tempo.com.ph/,1,False,True,False,
The Bohol Chronicle,www.boholchronicle.com.ph,https://www.boholchronicle.com.ph/,https://www.boholchronicle.com.ph/,1,False,True,False,
The Diarist,www.thediarist.ph,https://www.thediarist.ph/,https://www.thediarist.ph/,1,False,True,False,
The Financial District,www.thefinancialdistrict.com.ph,https://www.thefinancialdistrict.com.ph/,https://www.thefinancialdistrict.com.ph/,1,False,True,False,
The Phil Biz News,thephilbiznews.com,https://thephilbiznews.com/,https://thephilbiznews.com/,1,False,True,False,
The Philippine Post,thephilippinepost.com,https://thephilippinepost.com/,https://thephilippinepost.com/,1,False,True,False,
The Visayas Journal,thevisayasjournal.com,https://thevisayasjournal.com/,https://thevisayasjournal.com/,1,False,True,False,
iOrbit News,iorbitnews.com,https://iorbitnews.com/,https://iorbitnews.com/,1,False,True,False,
Abante News,www.abante.com.ph,https://www.abante.com.ph/,https://www.abante.com.ph/,1,False,True,False,
Abante News,tonite.abante.com.ph,https://tonite.abante.com.ph/,https://tonite.abante.com.ph/,1,False,True,False,
Agila ng Bayan,agilangbayan.com,https://agilangbayan.com/,https://agilangbayan.com/,1,False,True,False,
Asul TV,www.asul.tv,https://www.asul.tv/,https://www.asul.tv/,1,False,True,False,
Bicol Mail,www.bicolmail.net,https://www.bicolmail.net/,https://www.bicolmail.net/,1,False,True,False,
Bicol Peryodiko,bicolperyodiko.com,https://bicolperyodiko.com/,https://bicolperyodiko.com/,1,False,True,False,
Bilyonaryo,bilyonaryo.com,https://bilyonaryo.com/,https://bilyonaryo.com/,1,False,True,False,
Bomba Dyaryo,www.bombadyaryo.com,https://www.bombadyaryo.com/,https://www.bombadyaryo.com/,1,False,True,False,
Bombo Radyo,www.bomboradyo.com,https://www.bomboradyo.com/,https://www.bomboradyo.com/,1,False,True,False,
Bombo Radyo,cebu.bomboradyo.com,https://cebu.bomboradyo.com/,https://cebu.bomboradyo.com/,1,False,True,False,
Bombo Radyo La Union,launion.bomboradyo.com,https://launion.bomboradyo.com/,https://launion.bomboradyo.com/,1,False,True,False,
Bombo Radyo Laoag,laoag.bomboradyo.com,https://laoag.bomboradyo.com/,https://laoag.bomboradyo.com/,1,False,True,False,
Bombo Radyo Vigan,vigan.bomboradyo.com,https://vigan.bomboradyo.com/,https://vigan.bomboradyo.com/,1,False,True,False,
Bulatlat,www.bulatlat.com,https://www.bulatlat.com/,https://www.bulatlat.com/,1,False,True,False,
Business Week Mindanao,businessweekmindanao.com,https://businessweekmindanao.com/,https://businessweekmindanao.com/,1,False,True,False,
Catanduanes Tribune,catanduanestribune.net,https://catanduanestribune.net/,https://catanduanestribune.net/,1,False,True,False,
Chinoy TV,www.chinoy.tv,https://www.chinoy.tv/,https://www.chinoy.tv/,1,False,True,False,
DWIZ-AM,www.dwiz882am.com,https://www.dwiz882am.com/,https://www.dwiz882am.com/,1,False,True,False,
Davao Today,davaotoday.com,https://davaotoday.com/,https://davaotoday.com/,1,False,True,False,
Eastern Visayas Mail,evmailnews.net,https://evmailnews.net/,https://evmailnews.net/,1,False,True,False,
Hataw,hatawtabloid.com,https://hatawtabloid.com/,https://hatawtabloid.com/,1,False,True,False,
IMT News,www.imtnews.ph,https://www.imtnews.ph/,https://www.imtnews.ph/,1,False,True,False,
Ilocos Times,theilocostimes.blogspot.com,https://theilocostimes.blogspot.com/,https://theilocostimes.blogspot.com/,1,False,True,False,
Journal Online,journal.com.ph,https://journal.com.ph/,https://journal.com.ph/,1,False,True,False,
La Jornada Filipina,lajornadafilipina.com,https://lajornadafilipina.com/,https://lajornadafilipina.com/,1,False,True,False,
Leyte-Samar Daily Express,www.leytesamardailynews.com,https://www.leytesamardailynews.com/,https://www.leytesamardailynews.com/,1,False,True,False,
Metro Cebu News,metrocebu.news,https://metrocebu.news/,https://metrocebu.news/,1,False,True,False,
Mindanao Examiner,mindanaoexaminernewspaper.blogspot.com,https://mindanaoexaminernewspaper.blogspot.com/,https://mindanaoexaminernewspaper.blogspot.com/,1,False,True,False,
Mindanao Times,mindanaotimes.com.ph,https://mindanaotimes.com.ph/,https://mindanaotimes.com.ph/,1,False,True,False,
NewsWatch Plus,www.newswatchplus.ph,https://www.newswatchplus.ph/,https://www.newswatchplus.ph/,1,False,True,False,
Newsline Central Luzon,newslinecl.com,https://newslinecl.com/,https://newslinecl.com/,1,False,True,False,
Northern Dispatch,nordis.net,https://nordis.net/,https://nordis.net/,1,False,True,False,
Panay News,www.panaynews.net,https://www.panaynews.net/,https://www.panaynews.net/,1,False,True,False,
Pilipino Mirror,pilipinomirror.com,https://pilipinomirror.com/,https://pilipinomirror.com/,1,False,True,False,
Pinas News,pinas.news,https://pinas.news/,https://pinas.news/,1,False,True,False,
Police Files Tonite,www.policefilestonite.net,https://www.policefilestonite.net/,https://www.policefilestonite.net/,1,False,True,False,
RMN DYHB Bacolod,rmnbacolod.com,https://rmnbacolod.com/,https://rmnbacolod.com/,1,False,True,False,
RPN Radio,rpnradio.com,https://rpnradio.com/,https://rpnradio.com/,1,False,True,False,
Radyo La Verdad,www.radyolaverdad.com,https://www.radyolaverdad.com/,https://www.radyolaverdad.com/,1,False,True,False,
Saksi Ngayon,saksingayon.com,https://saksingayon.com/,https://saksingayon.com/,1,False,True,False,
Samar News,samarnews.com,https://samarnews.com/,https://samarnews.com/,1,False,True,False,
Siongbao,www.shangbao.com.ph,https://www.shangbao.com.ph/,https://www.shangbao.com.ph/,1,False,True,False,
Southern Leyte Times,southernleytetimes.net,https://southernleytetimes.net/,https://southernleytetimes.net/,1,False,True,False,
The Bohol Times,theboholtimes.com,https://theboholtimes.com/,https://theboholtimes.com/,1,False,True,False,
The News Today,www.thenewstoday.info,https://www.thenewstoday.info/,https://www.thenewstoday.info/,1,False,True,False,
The Northern Forum,northernforum.net,https://northernforum.net/,https://northernforum.net/,1,False,True,False,
United News,unitednews.net.ph,https://unitednews.net.ph/,https://unitednews.net.ph/,1,False,True,False,
Visayan Daily Star,visayandailystar.com,https://visayandailystar.com/,https://visayandailystar.com/,1,False,True,False,
Voice of the South,www.voiceofthesouth.org,https://www.voiceofthesouth.org/,https://www.voiceofthesouth.org/,1,False,True,False,
World News,worldnews.net.ph,https://worldnews.net.ph/,https://worldnews.net.ph/,1,False,True,False,
702,www.702.co.za,https://www.702.co.za/,https://www.702.co.za/,1,False,True,False,
947,www.947.co.za,https://www.947.co.za/,https://www.947.co.za/,1,False,True,False,
2oceansvibe,www.2oceansvibe.com,https://www.2oceansvibe.com/,https://www.2oceansvibe.com/,1,False,True,False,
Africa Intelligence,www.africaintelligence.com,https://www.africaintelligence.com/,https://www.africaintelligence.com/,1,False,True,False,
BizNews.com,www.biznews.com,https://www.biznews.com/,https://www.biznews.com/,1,False,True,False,
Bizcommunity,www.bizcommunity.com,https://www.bizcommunity.com/,https://www.bizcommunity.com/,1,False,True,False,
Bloemfontein Courant,www.bloemfonteincourant.co.za,https://www.bloemfonteincourant.co.za/,https://www.bloemfonteincourant.co.za/,1,False,True,False,
Briefly,www.briefly.co.za,https://www.briefly.co.za/,https://www.briefly.co.za/,1,False,True,False,
Business Tech,www.businesstech.co.za,https://www.businesstech.co.za/,https://www.businesstech.co.za/,1,False,True,False,
BusinessLIVE,www.businesslive.co.za,https://www.businesslive.co.za/,https://www.businesslive.co.za/,1,False,True,False,
Cape Town Etc,www.capetownetc.com,https://www.capetownetc.com/,https://www.capetownetc.com/,1,False,True,False,
CapeTalk,capetalk.co.za,https://capetalk.co.za/,https://capetalk.co.za/,1,False,True,False,
Capricorn FM,capricornfm.co.za,https://capricornfm.co.za/,https://capricornfm.co.za/,1,False,True,False,
Constantiaberg Bulletin,www.constantiabergbulletin.co.za,https://www.constantiabergbulletin.co.za/,https://www.constantiabergbulletin.co.za/,1,False,True,False,
DFA Newspaper,www.dfa.co.za,https://www.dfa.co.za/,https://www.dfa.co.za/,1,False,True,False,
Daily Dispatch,www.dispatchlive.co.za,https://www.dispatchlive.co.za/,https://www.dispatchlive.co.za/,1,False,True,False,
Daily Maverick,www.dailymaverick.co.za,https://www.dailymaverick.co.za/,https://www.dailymaverick.co.za/,1,False,True,False,
Daily Mirror,dailymirror.co.za,https://dailymirror.co.za/,https://dailymirror.co.za/,1,False,True,False,
Daily Star,dailystar.co.za,https://dailystar.co.za/,https://dailystar.co.za/,1,False,True,False,
Daily Voice,www.dailyvoice.co.za,https://www.dailyvoice.co.za/,https://www.dailyvoice.co.za/,1,False,True,False,
EWN,ewn.co.za,https://ewn.co.za/,https://ewn.co.za/,1,False,True,False,
East Coast Radio,www.ecr.co.za,https://www.ecr.co.za/,https://www.ecr.co.za/,1,False,True,False,
Engineering News,www.engineeringnews.co.za,https://www.engineeringnews.co.za/,https://www.engineeringnews.co.za/,1,False,True,False,
FiND iT Nuus,find-it.co.za,https://find-it.co.za/,https://find-it.co.za/,1,False,True,False,
George Herald,www.georgeherald.com,https://www.georgeherald.com/,https://www.georgeherald.com/,1,False,True,False,
GroundUp,groundup.org.za,https://groundup.org.za/,https://groundup.org.za/,1,False,True,False,
Herald Live,www.heraldlive.co.za,https://www.heraldlive.co.za/,https://www.heraldlive.co.za/,1,False,True,False,
I'solezwe lesiXhosa,www.isolezwelesixhosa.co.za,https://www.isolezwelesixhosa.co.za/,https://www.isolezwelesixhosa.co.za/,1,False,True,False,
IOL,www.iol.co.za,https://www.iol.co.za/,https://www.iol.co.za/,1,False,True,False,
Ilanga,ilanganews.co.za,https://ilanganews.co.za/,https://ilanganews.co.za/,1,False,True,False,
Inside Politics,insidepolitic.co.za,https://insidepolitic.co.za/,https://insidepolitic.co.za/,1,False,True,False,
Isolezwe,www.isolezwe.co.za,https://www.isolezwe.co.za/,https://www.isolezwe.co.za/,1,False,True,False,
Jacaranda FM,www.jacarandafm.com,https://www.jacarandafm.com/,https://www.jacarandafm.com/,1,False,True,False,
KFM 94.5,www.kfm.co.za,https://www.kfm.co.za/,https://www.kfm.co.za/,1,False,True,False,
Kaya 959,www.kaya959.co.za,https://www.kaya959.co.za/,https://www.kaya959.co.za/,1,False,True,False,
Knysna-Plett Herald,www.knysnaplettherald.com,https://www.knysnaplettherald.com/,https://www.knysnaplettherald.com/,1,False,True,False,
Kormorant,kormorant.co.za,https://kormorant.co.za/,https://kormorant.co.za/,1,False,True,False,
Letaba Herald,letabaherald.co.za,https://letabaherald.co.za/,https://letabaherald.co.za/,1,False,True,False,
Limpopo Mirror,www.limpopomirror.co.za,https://www.limpopomirror.co.za/,https://www.limpopomirror.co.za/,1,False,True,False,
Lowvelder,lowvelder.co.za,https://lowvelder.co.za/,https://lowvelder.co.za/,1,False,True,False,
Mail & Guardian,mg.co.za,https://mg.co.za/,https://mg.co.za/,1,False,True,False,
Moneyweb,www.moneyweb.co.za,https://www.moneyweb.co.za/,https://www.moneyweb.co.za/,1,False,True,False,
Mossel Bay Advertiser,www.mosselbayadvertiser.com,https://www.mosselbayadvertiser.com/,https://www.mosselbayadvertiser.com/,1,False,True,False,
Mpumalanga Mirror,mpmirroronline.co.za,https://mpmirroronline.co.za/,https://mpmirroronline.co.za/,1,False,True,False,
Mpumalanga News,mpumalanganews.co.za,https://mpumalanganews.co.za/,https://mpumalanganews.co.za/,1,False,True,False,
MyBroadband,mybroadband.co.za,https://mybroadband.co.za/,https://mybroadband.co.za/,1,False,True,False,
Netwerk24,www.netwerk24.com,https://www.netwerk24.com/,https://www.netwerk24.com/,1,False,True,False,
Newcastillian News,newcastillian.com,https://newcastillian.com/,https://newcastillian.com/,1,False,True,False,
News24,www.news24.com,https://www.news24.com/,https://www.news24.com/,1,False,True,False,
News365,news365.co.za,https://news365.co.za/,https://news365.co.za/,1,False,True,False,
OFM,www.ofm.co.za,https://www.ofm.co.za/,https://www.ofm.co.za/,1,False,True,False,
PoliticsWeb,www.politicsweb.co.za,https://www.politicsweb.co.za/,https://www.politicsweb.co.za/,1,False,True,False,
Polokwane Review,reviewonline.co.za,https://reviewonline.co.za/,https://reviewonline.co.za/,1,False,True,False,
Pretoria Rekord,rekord.co.za,https://rekord.co.za/,https://rekord.co.za/,1,False,True,False,
RISE fm,risefm.co.za,https://risefm.co.za/,https://risefm.co.za/,1,False,True,False,
Ridge Times,ridgetimes.co.za,https://ridgetimes.co.za/,https://ridgetimes.co.za/,1,False,True,False,
Rising Sun,risingsunlenasia.co.za,https://risingsunlenasia.co.za/,https://risingsunlenasia.co.za/,1,False,True,False,
SA Government News,www.sanews.gov.za,https://www.sanews.gov.za/,https://www.sanews.gov.za/,1,False,True,False,
SABC News,www.sabcnews.com,https://www.sabcnews.com/,https://www.sabcnews.com/,1,False,True,False,
Sandton Chronicle,sandtonchronicle.co.za,https://sandtonchronicle.co.za/,https://sandtonchronicle.co.za/,1,False,True,False,
Smile FM,smilefm.co.za,https://smilefm.co.za/,https://smilefm.co.za/,1,False,True,False,
Southern Mail,www.southernmail.co.za,https://www.southernmail.co.za/,https://www.southernmail.co.za/,1,False,True,False,
SowetanLIVE,www.sowetanlive.co.za,https://www.sowetanlive.co.za/,https://www.sowetanlive.co.za/,1,False,True,False,
Sunday World,sundayworld.co.za,https://sundayworld.co.za/,https://sundayworld.co.za/,1,False,True,False,
SurgeZirc,surgezirc.co.za,https://surgezirc.co.za/,https://surgezirc.co.za/,1,False,True,False,
The Capetowner,www.capetowner.co.za,https://www.capetowner.co.za/,https://www.capetowner.co.za/,1,False,True,False,
The Citizen,www.citizen.co.za,https://www.citizen.co.za/,https://www.citizen.co.za/,1,False,True,False,
The Daily Friend,dailyfriend.co.za,https://dailyfriend.co.za/,https://dailyfriend.co.za/,1,False,True,False,
The South African,www.thesouthafrican.com,https://www.thesouthafrican.com/,https://www.thesouthafrican.com/,1,False,True,False,
Times LIVE,www.timeslive.co.za,https://www.timeslive.co.za/,https://www.timeslive.co.za/,1,False,True,False,
Voice of the Cape,www.vocfm.co.za,https://www.vocfm.co.za/,https://www.vocfm.co.za/,1,False,True,False,
allAfrica.com,allafrica.com,https://allafrica.com/,https://allafrica.com/,1,False,True,False,
eNCA,www.enca.com,https://www.enca.com/,https://www.enca.com/,1,False,True,False,
iReport SA,ireportsouthafrica.co.za,https://ireportsouthafrica.co.za/,https://ireportsouthafrica.co.za/,1,False,True,False,
ATN News,www.atnews.co.za,https://www.atnews.co.za/,https://www.atnews.co.za/,1,False,True,False,
Cape Argus,capeargus.co.za,https://capeargus.co.za/,https://capeargus.co.za/,1,False,True,False,
Cape Times,capetimes.co.za,https://capetimes.co.za/,https://capetimes.co.za/,1,False,True,False,
Central News,centralnews.co.za,https://centralnews.co.za/,https://centralnews.co.za/,1,False,True,False,
Daily Investor,dailyinvestor.com,https://dailyinvestor.com/,https://dailyinvestor.com/,1,False,True,False,
Gagasi FM,gagasiworld.co.za,https://gagasiworld.co.za/,https://gagasiworld.co.za/,1,False,True,False,
Limpopo Chronicle,www.limpopochronicle.co.za,https://www.limpopochronicle.co.za/,https://www.limpopochronicle.co.za/,1,False,True,False,
MDNTV,mdntvlive.com,https://mdntvlive.com/,https://mdntvlive.com/,1,False,True,False,
Scrolla Africa,izindaba.scrolla.africa,https://izindaba.scrolla.africa/,https://izindaba.scrolla.africa/,1,False,True,False,
Scrolla Africa,scrolla.africa,https://scrolla.africa/,https://scrolla.africa/,1,False,True,False,
The Mercury,themercury.co.za,https://themercury.co.za/,https://themercury.co.za/,1,False,True,False,
African Insider,www.africaninsider.com,https://www.africaninsider.com/,https://www.africaninsider.com/,1,False,True,False,
Athlone News,athlonenews.co.za,https://athlonenews.co.za/,https://athlonenews.co.za/,1,False,True,False,
Atlantic Sun,atlanticsun.co.za,https://atlanticsun.co.za/,https://atlanticsun.co.za/,1,False,True,False,
Cape Business News,cbn.co.za,https://cbn.co.za/,https://cbn.co.za/,1,False,True,False,
Cape Chamber,capechamber.co.za,https://capechamber.co.za/,https://capechamber.co.za/,1,False,True,False,
Car Magazine,www.carmag.co.za,https://www.carmag.co.za/,https://www.carmag.co.za/,1,False,True,False,
City Vision,cityvision.co.za,https://cityvision.co.za/,https://cityvision.co.za/,1,False,True,False,
False Bay Echo,falsebayecho.co.za,https://falsebayecho.co.za/,https://falsebayecho.co.za/,1,False,True,False,
ISS Africa,issafrica.org,https://issafrica.org/,https://issafrica.org/,1,False,True,False,
Northern News,northernnews.co.za,https://northernnews.co.za/,https://northernnews.co.za/,1,False,True,False,
Observatory Civic Association,obs.org.za,https://obs.org.za/,https://obs.org.za/,1,False,True,False,
People's Post,peoplespost.co.za,https://peoplespost.co.za/,https://peoplespost.co.za/,1,False,True,False,
Plainsman,plainsman.co.za,https://plainsman.co.za/,https://plainsman.co.za/,1,False,True,False,
Polity,www.polity.org.za,https://www.polity.org.za/,https://www.polity.org.za/,1,False,True,False,
Southern Suburbs Tatler,southernsuburbstatler.co.za,https://southernsuburbstatler.co.za/,https://southernsuburbstatler.co.za/,1,False,True,False,
TechFinancials,techfinancials.co.za,https://techfinancials.co.za/,https://techfinancials.co.za/,1,False,True,False,
Top Gear SA,www.topgear.co.za,https://www.topgear.co.za/,https://www.topgear.co.za/,1,False,True,False,
TopAuto,topauto.co.za,https://topauto.co.za/,https://topauto.co.za/,1,False,True,False,
TygerBurger,tygerburger.co.za,https://tygerburger.co.za/,https://tygerburger.co.za/,1,False,True,False,
